{
    "centroid": [
        0.0146195166865958,
        -0.08980508010245346,
        -0.1788212469853941
    ],
    "scale": 1.1781529656951182,
    "orientation": "Z-up"
}